<application>
  <component name="BaseRefactoringSettings">
    <option name="SAFE_DELETE_WHEN_DELETE" value="false" />
    <option name="SAFE_DELETE_SEARCH_IN_COMMENTS" value="false" />
    <option name="SAFE_DELETE_SEARCH_IN_NON_JAVA" value="false" />
  </component>
  <component name="RefactoringSettings">
    <option name="MOVE_SEARCH_IN_COMMENTS" value="false" />
    <option name="MOVE_SEARCH_FOR_TEXT" value="false" />
    <option name="INTRODUCE_PARAMETER_REPLACE_FIELDS_WITH_GETTERS" value="1" />
    <option name="INTRODUCE_FIELD_VISIBILITY" value="private" />
    <option name="INTRODUCE_CONSTANT_VISIBILITY" value="protected" />
    <option name="INTRODUCE_PARAMETER_CREATE_FINALS" value="false" />
    <option name="INTRODUCE_CONSTANT_REPLACE_ALL" value="true" />
    <option name="RENAME_ACCESSORS" value="false" />
  </component>
</application>