<application>
  <component name="SidePanelSwitcher">
    <option name="lastShownToolWindows">
      <map>
        <entry key="bottom">
          <value>
            <list>
              <option value="SequenceDiagram" />
            </list>
          </value>
        </entry>
        <entry key="left">
          <value>
            <list>
              <option value="Project" />
            </list>
          </value>
        </entry>
        <entry key="right">
          <value>
            <list>
              <option value="Database" />
            </list>
          </value>
        </entry>
      </map>
    </option>
    <option name="lastFocusedToolWindow">
      <map>
        <entry key="right" value="Database" />
      </map>
    </option>
  </component>
</application>