<application>
  <component name="SonarLintGlobalSettings">
    <option name="autoTrigger" value="false" />
    <option name="sonarQubeServers">
      <list>
        <SonarQubeServer>
          <option name="hostUrl" value="https://developer.blackrock.com/sonar/2/" />
          <token>df9fdfc8df9fdfcedfcfdf9edfc8dfcedfcfdf9cdfcbdf9cdf9ddf9bdf9fdfc9df93dfc8df98df9ddfc9df9ddf9bdf9fdf9fdfcfdfc8df9fdf9adfcfdf93dfcfdfcfdf9edf9fdf99df9cdf9bdf98df9f</token>
          <option name="name" value="blkSonar" />
        </SonarQubeServer>
      </list>
    </option>
    <rules />
  </component>
</application>