<application>
  <component name="UISettings">
    <option name="CLOSE_TAB_BUTTON_ON_THE_RIGHT" value="false" />
    <option name="CONSOLE_CYCLE_BUFFER_SIZE_KB" value="10024" />
    <option name="DND_WITH_PRESSED_ALT_ONLY" value="true" />
    <option name="EDITOR_TAB_PLACEMENT" value="0" />
    <option name="HIDE_KNOWN_EXTENSION_IN_TABS" value="true" />
    <option name="MARK_MODIFIED_TABS_WITH_ASTERISK" value="true" />
    <option name="MAX_LOOKUP_LIST_HEIGHT" value="14" />
    <option name="MAX_LOOKUP_WIDTH2" value="1026" />
    <option name="NAVIGATION_BAR_LOCATION" value="TOP" />
    <option name="OPEN_TABS_AT_THE_END" value="true" />
    <option name="RIGHT_HORIZONTAL_SPLIT" value="true" />
    <option name="SCROLL_TAB_LAYOUT_IN_EDITOR" value="false" />
    <option name="SHOW_TOOL_WINDOW_NUMBERS" value="true" />
    <option name="UI_DENSITY" value="COMPACT" />
    <option name="USE_SMALL_LABELS_ON_TABS" value="true" />
    <option name="WIDESCREEN_SUPPORT" value="true" />
  </component>
</application>