<application>
  <component name="UpdatesConfigurable">
    <ignoredBuildNumbers>
      <item value="222.4554.10" />
      <item value="223.8836.41" />
      <item value="223.8617.56" />
      <item value="223.8214.52" />
      <item value="223.7571.182" />
      <item value="231.8109.175" />
    </ignoredBuildNumbers>
    <option name="LAST_BUILD_CHECKED" value="IU-232.10072.27" />
    <option name="LAST_TIME_CHECKED" value="1697404548774" />
    <option name="OBSOLETE_CUSTOM_REPOSITORIES_CLEAN_NEEDED" value="false" />
    <option name="PLUGINS_CHECK_NEEDED" value="false" />
    <option name="THIRD_PARTY_PLUGINS_ALLOWED" value="true" />
    <option name="WHATS_NEW_SHOWN_FOR" value="232" />
  </component>
</application>